[
  "Aalo, West Siang, Arunachal Pradesh",
  "Adilabad, Adilabad, Telangana",
  "Adilabad, Telangana",
  "Agar Malwa, Madhya Pradesh",
  "Agar, Agar Malwa, Madhya Pradesh",
  "Agartala, West Tripura, Tripura",
  "Agra, Agra, Uttar Pradesh",
  "Agra, Uttar Pradesh",
  "Ahmedabad, Ahmedabad, Gujarat",
  "Ahmedabad, Gujarat",
  "Ahmednagar, Ahmednagar, Maharashtra",
  "Ahmednagar, Maharashtra",
  "Ahwa, Dang, Gujarat",
  "Aizawl, Aizawl, Mizoram",
  "Aizawl, Mizoram",
  "Ajmer, Ajmer, Rajasthan",
  "Ajmer, Rajasthan",
  "Akbarpur, Ambedkar Nagar, Uttar Pradesh",
  "Akbarpur, Kanpur Dehat, Uttar Pradesh",
  "Akola, Akola, Maharashtra",
  "Akola, Maharashtra",
  "Alappuzha, Alappuzha, Kerala",
  "Alappuzha, Kerala",
  "Alibag, Raigad, Maharashtra",
  "Aligarh, Aligarh, Uttar Pradesh",
  "Aligarh, Uttar Pradesh",
  "Alipore, South 24 Parganas, West Bengal",
  "Alipurduar, Alipurduar, West Bengal",
  "Alipurduar, West Bengal",
  "Alirajpur, Alirajpur, Madhya Pradesh",
  "Alirajpur, Madhya Pradesh",
  "Alluri Sitharama Raju, Andhra Pradesh",
  "Almora, Almora, Uttarakhand",
  "Almora, Uttarakhand",
  "Alwar, Alwar, Rajasthan",
  "Alwar, Rajasthan",
  "Amalapuram, Dr. B.R. Ambedkar Konaseema, Andhra Pradesh",
  "Ambala, Ambala, Haryana",
  "Ambala, Haryana",
  "Ambassa, Dhalai, Tripura",
  "Ambedkar Nagar, Uttar Pradesh",
  "Ambikapur, Surguja, Chhattisgarh",
  "Amethi, Uttar Pradesh",
  "Amingaon, Kamrup, Assam",
  "Ampati, South West Garo Hills, Meghalaya",
  "Amravati, Amravati, Maharashtra",
  "Amravati, Maharashtra",
  "Amreli, Amreli, Gujarat",
  "Amreli, Gujarat",
  "Amritsar, Amritsar, Punjab",
  "Amritsar, Punjab",
  "Amroha, Amroha, Uttar Pradesh",
  "Amroha, Uttar Pradesh",
  "Anakapalli, Anakapalli, Andhra Pradesh",
  "Anakapalli, Andhra Pradesh",
  "Anand, Anand, Gujarat",
  "Anand, Gujarat",
  "Ananthapuramu, Ananthapuramu, Andhra Pradesh",
  "Ananthapuramu, Andhra Pradesh",
  "Anantnag, Anantnag, Jammu and Kashmir",
  "Anantnag, Jammu and Kashmir",
  "Andaman and Nicobar",
  "Andhra Pradesh",
  "Angul, Angul, Odisha",
  "Angul, Odisha",
  "Anini, Upper Dibang Valley, Arunachal Pradesh",
  "Anjaw, Arunachal Pradesh",
  "Annamayya, Andhra Pradesh",
  "Anuppur, Anuppur, Madhya Pradesh",
  "Anuppur, Madhya Pradesh",
  "Araria, Araria, Bihar",
  "Araria, Bihar",
  "Aravalli, Gujarat",
  "Ariyalur, Ariyalur, Tamil Nadu",
  "Ariyalur, Tamil Nadu",
  "Arrah, Bhojpur, Bihar",
  "Arunachal Pradesh",
  "Arwal, Arwal, Bihar",
  "Arwal, Bihar",
  "Asansol, Paschim Bardhaman, West Bengal",
  "Ashoknagar, Ashoknagar, Madhya Pradesh",
  "Ashoknagar, Madhya Pradesh",
  "Asifabad, Kumuram Bheem Asifabad, Telangana",
  "Assam",
  "Auraiya, Auraiya, Uttar Pradesh",
  "Auraiya, Uttar Pradesh",
  "Aurangabad, Aurangabad, Bihar",
  "Aurangabad, Aurangabad, Maharashtra",
  "Aurangabad, Bihar",
  "Aurangabad, Maharashtra",
  "Ayodhya, Ayodhya, Uttar Pradesh",
  "Ayodhya, Uttar Pradesh",
  "Azamgarh, Azamgarh, Uttar Pradesh",
  "Azamgarh, Uttar Pradesh",
  "Bagalakote, Bagalakote, Karnataka",
  "Bagalakote, Karnataka",
  "Bageshwar, Bageshwar, Uttarakhand",
  "Bageshwar, Uttarakhand",
  "Baghmara, South Garo Hills, Meghalaya",
  "Baghpat, Bagpat, Uttar Pradesh",
  "Bagpat, Uttar Pradesh",
  "Baharampur, Murshidabad, West Bengal",
  "Bahraich, Bahraich, Uttar Pradesh",
  "Bahraich, Uttar Pradesh",
  "Baikunthpur, Korea, Chhattisgarh",
  "Baksa, Assam",
  "Balaghat, Balaghat, Madhya Pradesh",
  "Balaghat, Madhya Pradesh",
  "Balangir, Balangir, Odisha",
  "Balangir, Odisha",
  "Balasore, Balasore, Odisha",
  "Balasore, Odisha",
  "Ballari, Ballari, Karnataka",
  "Ballari, Karnataka",
  "Ballia, Ballia, Uttar Pradesh",
  "Ballia, Uttar Pradesh",
  "Balod, Balod, Chhattisgarh",
  "Balod, Chhattisgarh",
  "Baloda Bazar, Baloda Bazar, Chhattisgarh",
  "Baloda Bazar, Chhattisgarh",
  "Balrampur, Balrampur, Uttar Pradesh",
  "Balrampur, Balrampur-Ramanujganj, Chhattisgarh",
  "Balrampur, Uttar Pradesh",
  "Balrampur-Ramanujganj, Chhattisgarh",
  "Balurghat, Dakshin Dinajpur, West Bengal",
  "Banaskantha, Gujarat",
  "Banda, Banda, Uttar Pradesh",
  "Banda, Uttar Pradesh",
  "Bandipore, Bandipore, Jammu and Kashmir",
  "Bandipore, Jammu and Kashmir",
  "Bandra (East), Mumbai Suburban, Maharashtra",
  "Banka, Banka, Bihar",
  "Banka, Bihar",
  "Bankura, Bankura, West Bengal",
  "Bankura, West Bengal",
  "Banswara, Banswara, Rajasthan",
  "Banswara, Rajasthan",
  "Bapatla, Andhra Pradesh",
  "Bapatla, Bapatla, Andhra Pradesh",
  "Barabanki, Barabanki, Uttar Pradesh",
  "Barabanki, Uttar Pradesh",
  "Baramulla, Baramulla, Jammu and Kashmir",
  "Baramulla, Jammu and Kashmir",
  "Baran, Baran, Rajasthan",
  "Baran, Rajasthan",
  "Barasat, North 24 Parganas, West Bengal",
  "Bardhaman, Purba Bardhaman, West Bengal",
  "Bareilly, Bareilly, Uttar Pradesh",
  "Bareilly, Uttar Pradesh",
  "Bargarh, Bargarh, Odisha",
  "Bargarh, Odisha",
  "Baripada, Mayurbhanj, Odisha",
  "Barmer, Barmer, Rajasthan",
  "Barmer, Rajasthan",
  "Barnala, Barnala, Punjab",
  "Barnala, Punjab",
  "Barpeta, Assam",
  "Barpeta, Barpeta, Assam",
  "Barwani, Barwani, Madhya Pradesh",
  "Barwani, Madhya Pradesh",
  "Basar, Lepa Rada, Arunachal Pradesh",
  "Bastar, Chhattisgarh",
  "Basti, Basti, Uttar Pradesh",
  "Basti, Uttar Pradesh",
  "Bathinda, Bathinda, Punjab",
  "Bathinda, Punjab",
  "Beed, Beed, Maharashtra",
  "Beed, Maharashtra",
  "Begusarai, Begusarai, Bihar",
  "Begusarai, Bihar",
  "Belagavi, Belagavi, Karnataka",
  "Belagavi, Karnataka",
  "Belonia, South Tripura, Tripura",
  "Bemetara, Bemetara, Chhattisgarh",
  "Bemetara, Chhattisgarh",
  "Bengaluru Rural, Karnataka",
  "Bengaluru Urban, Karnataka",
  "Bengaluru, Bengaluru Rural, Karnataka",
  "Bengaluru, Bengaluru Urban, Karnataka",
  "Bettiah, West Champaran, Bihar",
  "Betul, Betul, Madhya Pradesh",
  "Betul, Madhya Pradesh",
  "Bhabua, Kaimur, Bihar",
  "Bhadohi, Uttar Pradesh",
  "Bhadradri Kothagudem, Telangana",
  "Bhadrak, Bhadrak, Odisha",
  "Bhadrak, Odisha",
  "Bhagalpur, Bhagalpur, Bihar",
  "Bhagalpur, Bihar",
  "Bhandara, Bhandara, Maharashtra",
  "Bhandara, Maharashtra",
  "Bharatpur, Bharatpur, Rajasthan",
  "Bharatpur, Rajasthan",
  "Bharuch, Bharuch, Gujarat",
  "Bharuch, Gujarat",
  "Bhavnagar, Bhavnagar, Gujarat",
  "Bhavnagar, Gujarat",
  "Bhawanipatna, Kalahandi, Odisha",
  "Bhilwara, Bhilwara, Rajasthan",
  "Bhilwara, Rajasthan",
  "Bhimavaram, West Godavari, Andhra Pradesh",
  "Bhind, Bhind, Madhya Pradesh",
  "Bhind, Madhya Pradesh",
  "Bhiwani, Bhiwani, Haryana",
  "Bhiwani, Haryana",
  "Bhojpur, Bihar",
  "Bhongir, Yadadri Bhuvanagiri, Telangana",
  "Bhopal, Bhopal, Madhya Pradesh",
  "Bhopal, Madhya Pradesh",
  "Bhuj, Kutch, Gujarat",
  "Bhupalpally, Jayashankar Bhupalpally, Telangana",
  "Bidar, Bidar, Karnataka",
  "Bidar, Karnataka",
  "Bihar",
  "Bihar Sharif, Nalanda, Bihar",
  "Bijapur, Bijapur, Chhattisgarh",
  "Bijapur, Chhattisgarh",
  "Bijnor, Bijnor, Uttar Pradesh",
  "Bijnor, Uttar Pradesh",
  "Bikaner, Bikaner, Rajasthan",
  "Bikaner, Rajasthan",
  "Bilaspur, Bilaspur, Chhattisgarh",
  "Bilaspur, Bilaspur, Himachal Pradesh",
  "Bilaspur, Chhattisgarh",
  "Bilaspur, Himachal Pradesh",
  "Birbhum, West Bengal",
  "Bishnupur, Bishnupur, Manipur",
  "Bishnupur, Manipur",
  "Bishramganj, Sepahijala, Tripura",
  "Bokaro, Bokaro, Jharkhand",
  "Bokaro, Jharkhand",
  "Boleng, Siang, Arunachal Pradesh",
  "Bomdila, West Kameng, Arunachal Pradesh",
  "Bongaigaon, Assam",
  "Bongaigaon, Bongaigaon, Assam",
  "Botad, Botad, Gujarat",
  "Botad, Gujarat",
  "Boudh, Boudh, Odisha",
  "Boudh, Odisha",
  "Budaun, Budaun, Uttar Pradesh",
  "Budaun, Uttar Pradesh",
  "Budgam, Budgam, Jammu and Kashmir",
  "Budgam, Jammu and Kashmir",
  "Bulandshahr, Bulandshahr, Uttar Pradesh",
  "Bulandshahr, Uttar Pradesh",
  "Buldhana, Buldhana, Maharashtra",
  "Buldhana, Maharashtra",
  "Bundi, Bundi, Rajasthan",
  "Bundi, Rajasthan",
  "Burhanpur, Burhanpur, Madhya Pradesh",
  "Burhanpur, Madhya Pradesh",
  "Buxar, Bihar",
  "Buxar, Buxar, Bihar",
  "Cachar, Assam",
  "Car Nicobar, Nicobar, Andaman and Nicobar",
  "Central Delhi, National Capital Territory of Delhi",
  "Chaibasa, West Singhbhum, Jharkhand",
  "Chamarajanagara, Chamarajanagara, Karnataka",
  "Chamarajanagara, Karnataka",
  "Chamba, Chamba, Himachal Pradesh",
  "Chamba, Himachal Pradesh",
  "Chamoli, Uttarakhand",
  "Champawat, Champawat, Uttarakhand",
  "Champawat, Uttarakhand",
  "Champhai, Champhai, Mizoram",
  "Champhai, Mizoram",
  "Chandauli, Chandauli, Uttar Pradesh",
  "Chandauli, Uttar Pradesh",
  "Chandel, Chandel, Manipur",
  "Chandel, Manipur",
  "Chandigarh",
  "Chandigarh, Chandigarh",
  "Chandigarh, Chandigarh, Chandigarh",
  "Chandrapur, Chandrapur, Maharashtra",
  "Chandrapur, Maharashtra",
  "Changlang, Arunachal Pradesh",
  "Changlang, Changlang, Arunachal Pradesh",
  "Charaideo, Assam",
  "Charkhi Dadri, Charkhi Dadri, Haryana",
  "Charkhi Dadri, Haryana",
  "Chatra, Chatra, Jharkhand",
  "Chatra, Jharkhand",
  "Chengalpattu, Chengalpattu, Tamil Nadu",
  "Chengalpattu, Tamil Nadu",
  "Chennai, Chennai, Tamil Nadu",
  "Chennai, Tamil Nadu",
  "Chhapra, Saran, Bihar",
  "Chhatarpur, Chhatarpur, Madhya Pradesh",
  "Chhatarpur, Madhya Pradesh",
  "Chhatrapur, Ganjam, Odisha",
  "Chhattisgarh",
  "Chhindwara, Chhindwara, Madhya Pradesh",
  "Chhindwara, Madhya Pradesh",
  "Chhota Udaipur, Chhota Udaipur, Gujarat",
  "Chhota Udaipur, Gujarat",
  "Chikkaballapura, Chikkaballapura, Karnataka",
  "Chikkaballapura, Karnataka",
  "Chikkamagaluru, Chikkamagaluru, Karnataka",
  "Chikkamagaluru, Karnataka",
  "Chinsurah, Hooghly, West Bengal",
  "Chirang, Assam",
  "Chitradurga, Chitradurga, Karnataka",
  "Chitradurga, Karnataka",
  "Chitrakoot, Uttar Pradesh",
  "Chittoor, Andhra Pradesh",
  "Chittoor, Chittoor, Andhra Pradesh",
  "Chittorgarh, Chittorgarh, Rajasthan",
  "Chittorgarh, Rajasthan",
  "Churachandpur, Churachandpur, Manipur",
  "Churachandpur, Manipur",
  "Churu, Churu, Rajasthan",
  "Churu, Rajasthan",
  "Chümoukedima, Chümoukedima, Nagaland",
  "Chümoukedima, Nagaland",
  "Coimbatore, Coimbatore, Tamil Nadu",
  "Coimbatore, Tamil Nadu",
  "Connaught Place, New Delhi, National Capital Territory of Delhi",
  "Cooch Behar, Cooch Behar, West Bengal",
  "Cooch Behar, West Bengal",
  "Cuddalore, Cuddalore, Tamil Nadu",
  "Cuddalore, Tamil Nadu",
  "Cuttack, Cuttack, Odisha",
  "Cuttack, Odisha",
  "Dadra and Nagar Haveli and Daman and Diu",
  "Dadra and Nagar Haveli, Dadra and Nagar Haveli and Daman and Diu",
  "Dahod, Dahod, Gujarat",
  "Dahod, Gujarat",
  "Dakshin Dinajpur, West Bengal",
  "Dakshina Kannada, Karnataka",
  "Daltonganj, Palamu, Jharkhand",
  "Daman, Dadra and Nagar Haveli and Daman and Diu",
  "Daman, Daman, Dadra and Nagar Haveli and Daman and Diu",
  "Damoh, Damoh, Madhya Pradesh",
  "Damoh, Madhya Pradesh",
  "Dang, Gujarat",
  "Dantewada, Chhattisgarh",
  "Dantewada, Dantewada, Chhattisgarh",
  "Daporijo, Upper Subansiri, Arunachal Pradesh",
  "Darbhanga, Bihar",
  "Darbhanga, Darbhanga, Bihar",
  "Darjeeling, Darjeeling, West Bengal",
  "Darjeeling, West Bengal",
  "Darrang, Assam",
  "Daryaganj, Central Delhi, National Capital Territory of Delhi",
  "Datia, Datia, Madhya Pradesh",
  "Datia, Madhya Pradesh",
  "Dausa, Dausa, Rajasthan",
  "Dausa, Rajasthan",
  "Davanagere, Karnataka",
  "Davangere, Davanagere, Karnataka",
  "Debagarh, Debagarh, Odisha",
  "Debagarh, Odisha",
  "Defence Colony, South East Delhi, National Capital Territory of Delhi",
  "Dehradun, Dehradun, Uttarakhand",
  "Dehradun, Uttarakhand",
  "Deoghar, Deoghar, Jharkhand",
  "Deoghar, Jharkhand",
  "Deoria, Deoria, Uttar Pradesh",
  "Deoria, Uttar Pradesh",
  "Devbhumi Dwarka, Gujarat",
  "Dewas, Dewas, Madhya Pradesh",
  "Dewas, Madhya Pradesh",
  "Dhalai, Tripura",
  "Dhamtari, Chhattisgarh",
  "Dhamtari, Dhamtari, Chhattisgarh",
  "Dhanbad, Dhanbad, Jharkhand",
  "Dhanbad, Jharkhand",
  "Dhar, Dhar, Madhya Pradesh",
  "Dhar, Madhya Pradesh",
  "Dharamshala, Kangra, Himachal Pradesh",
  "Dharmanagar, North Tripura, Tripura",
  "Dharmapuri, Dharmapuri, Tamil Nadu",
  "Dharmapuri, Tamil Nadu",
  "Dharwada, Dharwada, Karnataka",
  "Dharwada, Karnataka",
  "Dhemaji, Assam",
  "Dhemaji, Dhemaji, Assam",
  "Dhenkanal, Dhenkanal, Odisha",
  "Dhenkanal, Odisha",
  "Dholpur, Dholpur, Rajasthan",
  "Dholpur, Rajasthan",
  "Dhubri, Assam",
  "Dhubri, Dhubri, Assam",
  "Dhule, Dhule, Maharashtra",
  "Dhule, Maharashtra",
  "Dibrugarh, Assam",
  "Dibrugarh, Dibrugarh, Assam",
  "Dima Hasao, Assam",
  "Dimapur, Dimapur, Nagaland",
  "Dimapur, Nagaland",
  "Dindigul, Dindigul, Tamil Nadu",
  "Dindigul, Tamil Nadu",
  "Dindori, Dindori, Madhya Pradesh",
  "Dindori, Madhya Pradesh",
  "Diphu, Karbi Anglong, Assam",
  "Diu, Dadra and Nagar Haveli and Daman and Diu",
  "Diu, Diu, Dadra and Nagar Haveli and Daman and Diu",
  "Doda, Doda, Jammu and Kashmir",
  "Doda, Jammu and Kashmir",
  "Dr. B.R. Ambedkar Konaseema, Andhra Pradesh",
  "Dumka, Dumka, Jharkhand",
  "Dumka, Jharkhand",
  "Dungarpur, Dungarpur, Rajasthan",
  "Dungarpur, Rajasthan",
  "Durg, Chhattisgarh",
  "Durg, Durg, Chhattisgarh",
  "East Champaran, Bihar",
  "East Delhi, National Capital Territory of Delhi",
  "East Garo Hills, Meghalaya",
  "East Godavari, Andhra Pradesh",
  "East Jaintia Hills, Meghalaya",
  "East Kameng, Arunachal Pradesh",
  "East Khasi Hills, Meghalaya",
  "East Siang, Arunachal Pradesh",
  "East Sikkim, Sikkim",
  "East Singhbhum, Jharkhand",
  "Eastern West Khasi Hills, Meghalaya",
  "Eluru, Andhra Pradesh",
  "Eluru, Eluru, Andhra Pradesh",
  "English Bazar, Maldah, West Bengal",
  "Ernakulam, Kerala",
  "Erode, Erode, Tamil Nadu",
  "Erode, Tamil Nadu",
  "Etah, Etah, Uttar Pradesh",
  "Etah, Uttar Pradesh",
  "Etawah, Etawah, Uttar Pradesh",
  "Etawah, Uttar Pradesh",
  "Faridabad, Faridabad, Haryana",
  "Faridabad, Haryana",
  "Faridkot, Faridkot, Punjab",
  "Faridkot, Punjab",
  "Farrukhabad, Uttar Pradesh",
  "Fatehabad, Fatehabad, Haryana",
  "Fatehabad, Haryana",
  "Fatehgarh Sahib, Fatehgarh Sahib, Punjab",
  "Fatehgarh Sahib, Punjab",
  "Fatehgarh, Farrukhabad, Uttar Pradesh",
  "Fatehpur, Fatehpur, Uttar Pradesh",
  "Fatehpur, Uttar Pradesh",
  "Fazilka, Fazilka, Punjab",
  "Fazilka, Punjab",
  "Firozabad, Firozabad, Uttar Pradesh",
  "Firozabad, Uttar Pradesh",
  "Firozpur, Firozpur, Punjab",
  "Firozpur, Punjab",
  "Gadag-Betageri, Gadaga, Karnataka",
  "Gadaga, Karnataka",
  "Gadchiroli, Gadchiroli, Maharashtra",
  "Gadchiroli, Maharashtra",
  "Gadwal, Jogulamba Gadwal, Telangana",
  "Gajapati, Odisha",
  "Ganderbal, Ganderbal, Jammu and Kashmir",
  "Ganderbal, Jammu and Kashmir",
  "Gandhinagar, Gandhinagar, Gujarat",
  "Gandhinagar, Gujarat",
  "Gangtok, East Sikkim, Sikkim",
  "Ganjam, Odisha",
  "Garamur, Majuli, Assam",
  "Garhwa, Garhwa, Jharkhand",
  "Garhwa, Jharkhand",
  "Gariaband, Chhattisgarh",
  "Gariaband, Gariaband, Chhattisgarh",
  "Gaurela, Gaurela-Pendra-Marwahi, Chhattisgarh",
  "Gaurela-Pendra-Marwahi, Chhattisgarh",
  "Gauriganj, Amethi, Uttar Pradesh",
  "Gautam Buddha Nagar, Uttar Pradesh",
  "Gaya, Bihar",
  "Gaya, Gaya, Bihar",
  "Ghaziabad, Ghaziabad, Uttar Pradesh",
  "Ghaziabad, Uttar Pradesh",
  "Ghazipur, Ghazipur, Uttar Pradesh",
  "Ghazipur, Uttar Pradesh",
  "Gir Somnath, Gujarat",
  "Giridih, Giridih, Jharkhand",
  "Giridih, Jharkhand",
  "Goa",
  "Goalpara, Assam",
  "Goalpara, Goalpara, Assam",
  "Godda, Godda, Jharkhand",
  "Godda, Jharkhand",
  "Godhra, Panchmahal, Gujarat",
  "Golaghat, Assam",
  "Golaghat, Golaghat, Assam",
  "Gomati, Tripura",
  "Gonda, Gonda, Uttar Pradesh",
  "Gonda, Uttar Pradesh",
  "Gondia, Gondia, Maharashtra",
  "Gondia, Maharashtra",
  "Gopalganj, Bihar",
  "Gopalganj, Gopalganj, Bihar",
  "Gopeshwar, Chamoli, Uttarakhand",
  "Gorakhpur, Gorakhpur, Uttar Pradesh",
  "Gorakhpur, Uttar Pradesh",
  "Gujarat",
  "Gumla, Gumla, Jharkhand",
  "Gumla, Jharkhand",
  "Guna, Guna, Madhya Pradesh",
  "Guna, Madhya Pradesh",
  "Guntur, Andhra Pradesh",
  "Guntur, Guntur, Andhra Pradesh",
  "Gurdaspur, Gurdaspur, Punjab",
  "Gurdaspur, Punjab",
  "Gurugram, Gurugram, Haryana",
  "Gurugram, Haryana",
  "Guwahati, Kamrup Metropolitan, Assam",
  "Gwalior, Gwalior, Madhya Pradesh",
  "Gwalior, Madhya Pradesh",
  "Gyalshing, West Sikkim, Sikkim",
  "Gyanpur, Bhadohi, Uttar Pradesh",
  "Haflong, Dima Hasao, Assam",
  "Hailakandi, Assam",
  "Hailakandi, Hailakandi, Assam",
  "Hajipur, Vaishali, Bihar",
  "Hamirpur, Hamirpur, Himachal Pradesh",
  "Hamirpur, Hamirpur, Uttar Pradesh",
  "Hamirpur, Himachal Pradesh",
  "Hamirpur, Uttar Pradesh",
  "Hamren, West Karbi Anglong, Assam",
  "Hanamkonda, Hanamkonda, Telangana",
  "Hanamkonda, Telangana",
  "Hanumangarh, Hanumangarh, Rajasthan",
  "Hanumangarh, Rajasthan",
  "Hapur, Hapur, Uttar Pradesh",
  "Hapur, Uttar Pradesh",
  "Harda, Harda, Madhya Pradesh",
  "Harda, Madhya Pradesh",
  "Hardoi, Hardoi, Uttar Pradesh",
  "Hardoi, Uttar Pradesh",
  "Haridwar, Haridwar, Uttarakhand",
  "Haridwar, Uttarakhand",
  "Haryana",
  "Hassan, Hassan, Karnataka",
  "Hassan, Karnataka",
  "Hathras, Hathras, Uttar Pradesh",
  "Hathras, Uttar Pradesh",
  "Hatsingimari, South Salmara Mankachar, Assam",
  "Haveri, Haveri, Karnataka",
  "Haveri, Karnataka",
  "Hawai, Anjaw, Arunachal Pradesh",
  "Hazaribag, Hazaribag, Jharkhand",
  "Hazaribag, Jharkhand",
  "Himachal Pradesh",
  "Himatnagar, Sabarkantha, Gujarat",
  "Hingoli, Hingoli, Maharashtra",
  "Hingoli, Maharashtra",
  "Hisar, Haryana",
  "Hisar, Hisar, Haryana",
  "Hnahthial, Hnahthial, Mizoram",
  "Hnahthial, Mizoram",
  "Hooghly, West Bengal",
  "Hoshangabad, Hoshangabad, Madhya Pradesh",
  "Hoshangabad, Madhya Pradesh",
  "Hoshiarpur, Hoshiarpur, Punjab",
  "Hoshiarpur, Punjab",
  "Hospete, Vijayanagara, Karnataka",
  "Howrah, Howrah, West Bengal",
  "Howrah, West Bengal",
  "Hyderabad, Hyderabad, Telangana",
  "Hyderabad, Ranga Reddy, Telangana",
  "Hyderabad, Telangana",
  "Idukki, Kerala",
  "Imphal East, Manipur",
  "Imphal West, Manipur",
  "Indore, Indore, Madhya Pradesh",
  "Indore, Madhya Pradesh",
  "Itanagar capital complex, Arunachal Pradesh",
  "Itanagar, Itanagar capital complex, Arunachal Pradesh",
  "Jabalpur, Jabalpur, Madhya Pradesh",
  "Jabalpur, Madhya Pradesh",
  "Jagatsinghpur, Jagatsinghpur, Odisha",
  "Jagatsinghpur, Odisha",
  "Jagdalpur, Bastar, Chhattisgarh",
  "Jagtial, Jagtial, Telangana",
  "Jagtial, Telangana",
  "Jaipur, Jaipur, Rajasthan",
  "Jaipur, Rajasthan",
  "Jaisalmer, Jaisalmer, Rajasthan",
  "Jaisalmer, Rajasthan",
  "Jajpur, Jajpur, Odisha",
  "Jajpur, Odisha",
  "Jalandhar, Jalandhar, Punjab",
  "Jalandhar, Punjab",
  "Jalaun, Uttar Pradesh",
  "Jalgaon, Jalgaon, Maharashtra",
  "Jalgaon, Maharashtra",
  "Jalna, Jalna, Maharashtra",
  "Jalna, Maharashtra",
  "Jalore, Jalore, Rajasthan",
  "Jalore, Rajasthan",
  "Jalpaiguri, Jalpaiguri, West Bengal",
  "Jalpaiguri, West Bengal",
  "Jammu and Kashmir",
  "Jammu, Jammu and Kashmir",
  "Jammu, Jammu, Jammu and Kashmir",
  "Jamnagar, Gujarat",
  "Jamnagar, Jamnagar, Gujarat",
  "Jamshedpur, East Singhbhum, Jharkhand",
  "Jamtara, Jamtara, Jharkhand",
  "Jamtara, Jharkhand",
  "Jamui, Bihar",
  "Jamui, Jamui, Bihar",
  "Jangaon, Jangaon, Telangana",
  "Jangaon, Telangana",
  "Janjgir, Janjgir-Champa, Chhattisgarh",
  "Janjgir-Champa, Chhattisgarh",
  "Jashpur Nagar, Jashpur, Chhattisgarh",
  "Jashpur, Chhattisgarh",
  "Jaunpur, Jaunpur, Uttar Pradesh",
  "Jaunpur, Uttar Pradesh",
  "Jayashankar Bhupalpally, Telangana",
  "Jehanabad, Bihar",
  "Jehanabad, Jehanabad, Bihar",
  "Jhabua, Jhabua, Madhya Pradesh",
  "Jhabua, Madhya Pradesh",
  "Jhajjar, Haryana",
  "Jhajjar, Jhajjar, Haryana",
  "Jhalawar, Jhalawar, Rajasthan",
  "Jhalawar, Rajasthan",
  "Jhansi, Jhansi, Uttar Pradesh",
  "Jhansi, Uttar Pradesh",
  "Jhargram, Jhargram, West Bengal",
  "Jhargram, West Bengal",
  "Jharkhand",
  "Jharsuguda, Jharsuguda, Odisha",
  "Jharsuguda, Odisha",
  "Jhunjhunu, Jhunjhunu, Rajasthan",
  "Jhunjhunu, Rajasthan",
  "Jind, Haryana",
  "Jind, Jind, Haryana",
  "Jiribam, Jiribam, Manipur",
  "Jiribam, Manipur",
  "Jodhpur, Jodhpur, Rajasthan",
  "Jodhpur, Rajasthan",
  "Jogulamba Gadwal, Telangana",
  "Jorhat, Assam",
  "Jorhat, Jorhat, Assam",
  "Jowai, West Jaintia Hills, Meghalaya",
  "Junagadh, Gujarat",
  "Junagadh, Junagadh, Gujarat",
  "Kabirdham, Chhattisgarh",
  "Kadapa, YSR, Andhra Pradesh",
  "Kailashahar, Unakoti, Tripura",
  "Kaimur, Bihar",
  "Kaithal, Haryana",
  "Kaithal, Kaithal, Haryana",
  "Kajalgaon, Chirang, Assam",
  "Kakching, Kakching, Manipur",
  "Kakching, Manipur",
  "Kakinada, Andhra Pradesh",
  "Kakinada, Kakinada, Andhra Pradesh",
  "Kakkanad, Ernakulam, Kerala",
  "Kalaburagi, Kalaburagi, Karnataka",
  "Kalaburagi, Karnataka",
  "Kalahandi, Odisha",
  "Kalimpong, Kalimpong, West Bengal",
  "Kalimpong, West Bengal",
  "Kallakurichi, Kallakurichi, Tamil Nadu",
  "Kallakurichi, Tamil Nadu",
  "Kalpetta, Wayanad, Kerala",
  "Kamareddy, Kamareddy, Telangana",
  "Kamareddy, Telangana",
  "Kamjong, Kamjong, Manipur",
  "Kamjong, Manipur",
  "Kamle, Arunachal Pradesh",
  "Kamrup Metropolitan, Assam",
  "Kamrup, Assam",
  "Kanchipuram, Kanchipuram, Tamil Nadu",
  "Kanchipuram, Tamil Nadu",
  "Kandhamal, Odisha",
  "Kangpokpi, Kangpokpi, Manipur",
  "Kangpokpi, Manipur",
  "Kangra, Himachal Pradesh",
  "Kanjhawala, North West Delhi, National Capital Territory of Delhi",
  "Kanker, Chhattisgarh",
  "Kanker, Kanker, Chhattisgarh",
  "Kannauj, Kannauj, Uttar Pradesh",
  "Kannauj, Uttar Pradesh",
  "Kannur, Kannur, Kerala",
  "Kannur, Kerala",
  "Kanpur Dehat, Uttar Pradesh",
  "Kanpur Nagar, Uttar Pradesh",
  "Kanpur, Kanpur Nagar, Uttar Pradesh",
  "Kanyakumari, Tamil Nadu",
  "Kapurthala, Kapurthala, Punjab",
  "Kapurthala, Punjab",
  "Karaikal, Karaikal, Puducherry",
  "Karaikal, Puducherry",
  "Karauli, Karauli, Rajasthan",
  "Karauli, Rajasthan",
  "Karbi Anglong, Assam",
  "Kargil, Kargil, Ladakh",
  "Kargil, Ladakh",
  "Karimganj, Assam",
  "Karimganj, Karimganj, Assam",
  "Karimnagar, Karimnagar, Telangana",
  "Karimnagar, Telangana",
  "Karnal, Haryana",
  "Karnal, Karnal, Haryana",
  "Karnataka",
  "Karur, Karur, Tamil Nadu",
  "Karur, Tamil Nadu",
  "Karwar, Uttara Kannada, Karnataka",
  "Karwi, Chitrakoot, Uttar Pradesh",
  "Kasaragod, Kasaragod, Kerala",
  "Kasaragod, Kerala",
  "Kasganj, Kasganj, Uttar Pradesh",
  "Kasganj, Uttar Pradesh",
  "Kathua, Jammu and Kashmir",
  "Kathua, Kathua, Jammu and Kashmir",
  "Katihar, Bihar",
  "Katihar, Katihar, Bihar",
  "Katni, Katni, Madhya Pradesh",
  "Katni, Madhya Pradesh",
  "Kaushambi, Uttar Pradesh",
  "Kavaratti, Lakshadweep, Lakshadweep",
  "Kawardha, Kabirdham, Chhattisgarh",
  "Kendrapara, Kendrapara, Odisha",
  "Kendrapara, Odisha",
  "Kendujhar, Kendujhar, Odisha",
  "Kendujhar, Odisha",
  "Kerala",
  "Keylong, Lahaul and Spiti, Himachal Pradesh",
  "Khagaria, Bihar",
  "Khagaria, Khagaria, Bihar",
  "Khairagarh, Khairagarh-Chhuikhadan-Gandai, Chhattisgarh",
  "Khairagarh-Chhuikhadan-Gandai, Chhattisgarh",
  "Khalilabad, Sant Kabir Nagar, Uttar Pradesh",
  "Khambhalia, Devbhumi Dwarka, Gujarat",
  "Khammam, Khammam, Telangana",
  "Khammam, Telangana",
  "Khandwa, Khandwa, Madhya Pradesh",
  "Khandwa, Madhya Pradesh",
  "Khargone, Khargone, Madhya Pradesh",
  "Khargone, Madhya Pradesh",
  "Khawzawl, Khawzawl, Mizoram",
  "Khawzawl, Mizoram",
  "Kheda, Gujarat",
  "Khliehriat, East Jaintia Hills, Meghalaya",
  "Khonsa, Tirap, Arunachal Pradesh",
  "Khordha, Khordha, Odisha",
  "Khordha, Odisha",
  "Khowai, Khowai, Tripura",
  "Khowai, Tripura",
  "Khunti, Jharkhand",
  "Khunti, Khunti, Jharkhand",
  "Kinnaur, Himachal Pradesh",
  "Kiphire, Kiphire, Nagaland",
  "Kiphire, Nagaland",
  "Kishanganj, Bihar",
  "Kishanganj, Kishanganj, Bihar",
  "Kishtwar, Jammu and Kashmir",
  "Kishtwar, Kishtwar, Jammu and Kashmir",
  "Kodagu, Karnataka",
  "Koderma, Jharkhand",
  "Koderma, Koderma, Jharkhand",
  "Kohima, Kohima, Nagaland",
  "Kohima, Nagaland",
  "Kokrajhar, Assam",
  "Kokrajhar, Kokrajhar, Assam",
  "Kolar, Karnataka",
  "Kolar, Kolar, Karnataka",
  "Kolasib, Kolasib, Mizoram",
  "Kolasib, Mizoram",
  "Kolhapur, Kolhapur, Maharashtra",
  "Kolhapur, Maharashtra",
  "Kolkata, Kolkata, West Bengal",
  "Kolkata, West Bengal",
  "Kollam, Kerala",
  "Kollam, Kollam, Kerala",
  "Koloriang, Kurung Kumey, Arunachal Pradesh",
  "Kondagaon, Chhattisgarh",
  "Kondagaon, Kondagaon, Chhattisgarh",
  "Koppala, Karnataka",
  "Koppala, Koppala, Karnataka",
  "Koraput, Koraput, Odisha",
  "Koraput, Odisha",
  "Korba, Chhattisgarh",
  "Korba, Korba, Chhattisgarh",
  "Korea, Chhattisgarh",
  "Kota, Kota, Rajasthan",
  "Kota, Rajasthan",
  "Kothagudem, Bhadradri Kothagudem, Telangana",
  "Kottayam, Kerala",
  "Kottayam, Kottayam, Kerala",
  "Kozhikode, Kerala",
  "Kozhikode, Kozhikode, Kerala",
  "Kra Daadi, Arunachal Pradesh",
  "Krishna, Andhra Pradesh",
  "Krishnagiri, Krishnagiri, Tamil Nadu",
  "Krishnagiri, Tamil Nadu",
  "Krishnanagar, Nadia, West Bengal",
  "Kulgam, Jammu and Kashmir",
  "Kulgam, Kulgam, Jammu and Kashmir",
  "Kullu, Himachal Pradesh",
  "Kullu, Kullu, Himachal Pradesh",
  "Kumuram Bheem Asifabad, Telangana",
  "Kupwara, Jammu and Kashmir",
  "Kupwara, Kupwara, Jammu and Kashmir",
  "Kurnool, Andhra Pradesh",
  "Kurnool, Kurnool, Andhra Pradesh",
  "Kurukshetra, Haryana",
  "Kurukshetra, Kurukshetra, Haryana",
  "Kurung Kumey, Arunachal Pradesh",
  "Kushinagar, Uttar Pradesh",
  "Kutch, Gujarat",
  "Ladakh",
  "Lahaul and Spiti, Himachal Pradesh",
  "Lakhimpur Kheri, Uttar Pradesh",
  "Lakhimpur, Assam",
  "Lakhimpur, Lakhimpur Kheri, Uttar Pradesh",
  "Lakhisarai, Bihar",
  "Lakhisarai, Lakhisarai, Bihar",
  "Lakshadweep",
  "Lakshadweep, Lakshadweep",
  "Lalitpur, Lalitpur, Uttar Pradesh",
  "Lalitpur, Uttar Pradesh",
  "Lamphelpat, Imphal West, Manipur",
  "Latehar, Jharkhand",
  "Latehar, Latehar, Jharkhand",
  "Latur, Latur, Maharashtra",
  "Latur, Maharashtra",
  "Lawngtlai, Lawngtlai, Mizoram",
  "Lawngtlai, Mizoram",
  "Leh, Ladakh",
  "Leh, Leh, Ladakh",
  "Lemmi, Pakke-Kessang, Arunachal Pradesh",
  "Lepa Rada, Arunachal Pradesh",
  "Likabali, Lower Siang, Arunachal Pradesh",
  "Lohardaga, Jharkhand",
  "Lohardaga, Lohardaga, Jharkhand",
  "Lohit, Arunachal Pradesh",
  "Longding, Arunachal Pradesh",
  "Longding, Longding, Arunachal Pradesh",
  "Longleng, Longleng, Nagaland",
  "Longleng, Nagaland",
  "Lower Dibang Valley, Arunachal Pradesh",
  "Lower Siang, Arunachal Pradesh",
  "Lower Subansiri, Arunachal Pradesh",
  "Lucknow, Lucknow, Uttar Pradesh",
  "Lucknow, Uttar Pradesh",
  "Ludhiana, Ludhiana, Punjab",
  "Ludhiana, Punjab",
  "Lunavada, Mahisagar, Gujarat",
  "Lunglei, Lunglei, Mizoram",
  "Lunglei, Mizoram",
  "Machilipatnam, Krishna, Andhra Pradesh",
  "Madhepura, Bihar",
  "Madhepura, Madhepura, Bihar",
  "Madhubani, Bihar",
  "Madhubani, Madhubani, Bihar",
  "Madhya Pradesh",
  "Madikeri, Kodagu, Karnataka",
  "Madurai, Madurai, Tamil Nadu",
  "Madurai, Tamil Nadu",
  "Mahabubabad, Mahabubabad, Telangana",
  "Mahabubabad, Telangana",
  "Maharajganj, Maharajganj, Uttar Pradesh",
  "Maharajganj, Uttar Pradesh",
  "Maharashtra",
  "Mahasamund, Chhattisgarh",
  "Mahasamund, Mahasamund, Chhattisgarh",
  "Mahbubnagar, Mahbubnagar, Telangana",
  "Mahbubnagar, Telangana",
  "Mahendragarh, Haryana",
  "Mahisagar, Gujarat",
  "Mahoba, Mahoba, Uttar Pradesh",
  "Mahoba, Uttar Pradesh",
  "Mahé, Mahé, Puducherry",
  "Mahé, Puducherry",
  "Mainpuri, Mainpuri, Uttar Pradesh",
  "Mainpuri, Uttar Pradesh",
  "Mairang, Eastern West Khasi Hills, Meghalaya",
  "Majuli, Assam",
  "Malappuram, Kerala",
  "Malappuram, Malappuram, Kerala",
  "Maldah, West Bengal",
  "Malerkotla, Malerkotla, Punjab",
  "Malerkotla, Punjab",
  "Malkangiri, Malkangiri, Odisha",
  "Malkangiri, Odisha",
  "Mamit, Mamit, Mizoram",
  "Mamit, Mizoram",
  "Mancherial, Mancherial, Telangana",
  "Mancherial, Telangana",
  "Mandi, Himachal Pradesh",
  "Mandi, Mandi, Himachal Pradesh",
  "Mandla, Madhya Pradesh",
  "Mandla, Mandla, Madhya Pradesh",
  "Mandsaur, Madhya Pradesh",
  "Mandsaur, Mandsaur, Madhya Pradesh",
  "Mandya, Karnataka",
  "Mandya, Mandya, Karnataka",
  "Manendragarh, Manendragarh-Chirmiri-Bharatpur, Chhattisgarh",
  "Manendragarh-Chirmiri-Bharatpur, Chhattisgarh",
  "Mangaldoi, Darrang, Assam",
  "Mangalore, Dakshina Kannada, Karnataka",
  "Mangan, North Sikkim, Sikkim",
  "Manipur",
  "Manjhanpur, Kaushambi, Uttar Pradesh",
  "Mansa, Mansa, Punjab",
  "Mansa, Punjab",
  "Margao, South Goa, Goa",
  "Marigaon, Morigaon, Assam",
  "Mathura, Mathura, Uttar Pradesh",
  "Mathura, Uttar Pradesh",
  "Mau, Mau, Uttar Pradesh",
  "Mau, Uttar Pradesh",
  "Mawkyrwat, South West Khasi Hills, Meghalaya",
  "Mayiladuthurai, Mayiladuthurai, Tamil Nadu",
  "Mayiladuthurai, Tamil Nadu",
  "Mayurbhanj, Odisha",
  "Medak, Medak, Telangana",
  "Medak, Telangana",
  "Medchal–Malkajgiri, Telangana",
  "Meerut, Meerut, Uttar Pradesh",
  "Meerut, Uttar Pradesh",
  "Meghalaya",
  "Mehsana, Gujarat",
  "Mehsana, Mehsana, Gujarat",
  "Midnapore, Paschim Medinipur, West Bengal",
  "Mirzapur, Mirzapur, Uttar Pradesh",
  "Mirzapur, Uttar Pradesh",
  "Mizoram",
  "Modasa, Aravalli, Gujarat",
  "Moga, Moga, Punjab",
  "Moga, Punjab",
  "Mohla, Mohla-Manpur-Ambagarh Chowki, Chhattisgarh",
  "Mohla-Manpur-Ambagarh Chowki, Chhattisgarh",
  "Mokokchung, Mokokchung, Nagaland",
  "Mokokchung, Nagaland",
  "Mon, Mon, Nagaland",
  "Mon, Nagaland",
  "Moradabad, Moradabad, Uttar Pradesh",
  "Moradabad, Uttar Pradesh",
  "Morbi, Gujarat",
  "Morbi, Morbi, Gujarat",
  "Morena, Madhya Pradesh",
  "Morena, Morena, Madhya Pradesh",
  "Morigaon, Assam",
  "Motihari, East Champaran, Bihar",
  "Mulugu, Mulugu, Telangana",
  "Mulugu, Telangana",
  "Mumbai City, Maharashtra",
  "Mumbai Suburban, Maharashtra",
  "Mumbai, Mumbai City, Maharashtra",
  "Mungeli, Chhattisgarh",
  "Mungeli, Mungeli, Chhattisgarh",
  "Munger, Bihar",
  "Munger, Munger, Bihar",
  "Murshidabad, West Bengal",
  "Mushalpur, Baksa, Assam",
  "Muzaffarnagar, Muzaffarnagar, Uttar Pradesh",
  "Muzaffarnagar, Uttar Pradesh",
  "Muzaffarpur, Bihar",
  "Muzaffarpur, Muzaffarpur, Bihar",
  "Mysuru, Karnataka",
  "Mysuru, Mysuru, Karnataka",
  "NTR, Andhra Pradesh",
  "Nabarangpur, Nabarangpur, Odisha",
  "Nabarangpur, Odisha",
  "Nadia, West Bengal",
  "Nadiad, Kheda, Gujarat",
  "Nagaland",
  "Nagaon, Assam",
  "Nagaon, Nagaon, Assam",
  "Nagapattinam, Nagapattinam, Tamil Nadu",
  "Nagapattinam, Tamil Nadu",
  "Nagarkurnool, Nagarkurnool, Telangana",
  "Nagarkurnool, Telangana",
  "Nagaur, Nagaur, Rajasthan",
  "Nagaur, Rajasthan",
  "Nagercoil, Kanyakumari, Tamil Nadu",
  "Nagpur, Maharashtra",
  "Nagpur, Nagpur, Maharashtra",
  "Nahan, Sirmaur, Himachal Pradesh",
  "Nainital, Nainital, Uttarakhand",
  "Nainital, Uttarakhand",
  "Nalanda, Bihar",
  "Nalbari, Assam",
  "Nalbari, Nalbari, Assam",
  "Nalgonda, Nalgonda, Telangana",
  "Nalgonda, Telangana",
  "Namakkal, Namakkal, Tamil Nadu",
  "Namakkal, Tamil Nadu",
  "Namchi, South Sikkim, Sikkim",
  "Namsai, Arunachal Pradesh",
  "Namsai, Namsai, Arunachal Pradesh",
  "Nand Nagri, Shahdara district, National Capital Territory of Delhi",
  "Nanded, Maharashtra",
  "Nanded, Nanded, Maharashtra",
  "Nandurbar, Maharashtra",
  "Nandurbar, Nandurbar, Maharashtra",
  "Nandyal, Andhra Pradesh",
  "Nandyal, Nandyal, Andhra Pradesh",
  "Narasaraopet, Palnadu, Andhra Pradesh",
  "Narayanpet, Narayanpet, Telangana",
  "Narayanpet, Telangana",
  "Narayanpur, Chhattisgarh",
  "Narayanpur, Narayanpur, Chhattisgarh",
  "Narmada, Gujarat",
  "Narnaul, Mahendragarh, Haryana",
  "Narsinghpur, Madhya Pradesh",
  "Narsinghpur, Narsinghpur, Madhya Pradesh",
  "Nashik, Maharashtra",
  "Nashik, Nashik, Maharashtra",
  "National Capital Territory of Delhi",
  "Naugarh, Siddharthnagar, Uttar Pradesh",
  "Navsari, Gujarat",
  "Navsari, Navsari, Gujarat",
  "Nawada, Bihar",
  "Nawada, Nawada, Bihar",
  "Nawanshehr, Shahid Bhagat Singh Nagar, Punjab",
  "Nayagarh, Nayagarh, Odisha",
  "Nayagarh, Odisha",
  "Neemuch, Madhya Pradesh",
  "Neemuch, Neemuch, Madhya Pradesh",
  "Nellore, Sri Potti Sriramulu Nellore, Andhra Pradesh",
  "New Delhi, National Capital Territory of Delhi",
  "New Tehri, Tehri Garhwal, Uttarakhand",
  "Nicobar, Andaman and Nicobar",
  "Nilgiris, Tamil Nadu",
  "Nirmal, Nirmal, Telangana",
  "Nirmal, Telangana",
  "Niuland, Nagaland",
  "Niuland, Niuland, Nagaland",
  "Niwari, Madhya Pradesh",
  "Niwari, Niwari, Madhya Pradesh",
  "Nizamabad, Nizamabad, Telangana",
  "Nizamabad, Telangana",
  "Noida, Gautam Buddha Nagar, Uttar Pradesh",
  "Noklak, Nagaland",
  "Noklak, Noklak, Nagaland",
  "Noney (Longmai), Noney, Manipur",
  "Noney, Manipur",
  "Nongpoh, Ri Bhoi, Meghalaya",
  "Nongstoin, West Khasi Hills, Meghalaya",
  "North 24 Parganas, West Bengal",
  "North Delhi, National Capital Territory of Delhi",
  "North East Delhi, National Capital Territory of Delhi",
  "North Garo Hills, Meghalaya",
  "North Goa, Goa",
  "North Lakhimpur, Lakhimpur, Assam",
  "North Sikkim, Sikkim",
  "North Tripura, Tripura",
  "North West Delhi, National Capital Territory of Delhi",
  "Nuapada, Nuapada, Odisha",
  "Nuapada, Odisha",
  "Nuh, Haryana",
  "Nuh, Nuh, Haryana",
  "Odisha",
  "Ongole, Prakasam, Andhra Pradesh",
  "Ooty, Nilgiris, Tamil Nadu",
  "Orai, Jalaun, Uttar Pradesh",
  "Oros, Sindhudurg, Maharashtra",
  "Osmanabad, Maharashtra",
  "Osmanabad, Osmanabad, Maharashtra",
  "Paderu, Alluri Sitharama Raju, Andhra Pradesh",
  "Padrauna, Kushinagar, Uttar Pradesh",
  "Painavu, Idukki, Kerala",
  "Pakke-Kessang, Arunachal Pradesh",
  "Pakur, Jharkhand",
  "Pakur, Pakur, Jharkhand",
  "Pakyong, Pakyong, Sikkim",
  "Pakyong, Sikkim",
  "Palakkad, Kerala",
  "Palakkad, Palakkad, Kerala",
  "Palamu, Jharkhand",
  "Palanpur, Banaskantha, Gujarat",
  "Palghar, Maharashtra",
  "Palghar, Palghar, Maharashtra",
  "Pali, Pali, Rajasthan",
  "Pali, Rajasthan",
  "Palin, Kra Daadi, Arunachal Pradesh",
  "Palnadu, Andhra Pradesh",
  "Palwal, Haryana",
  "Palwal, Palwal, Haryana",
  "Panaji, North Goa, Goa",
  "Panchkula, Haryana",
  "Panchkula, Panchkula, Haryana",
  "Panchmahal, Gujarat",
  "Panipat, Haryana",
  "Panipat, Panipat, Haryana",
  "Panna, Madhya Pradesh",
  "Panna, Panna, Madhya Pradesh",
  "Papum Pare, Arunachal Pradesh",
  "Paralakhemundi, Gajapati, Odisha",
  "Parbhani, Maharashtra",
  "Parbhani, Parbhani, Maharashtra",
  "Parvathipuram Manyam, Andhra Pradesh",
  "Parvathipuram, Parvathipuram Manyam, Andhra Pradesh",
  "Paschim Bardhaman, West Bengal",
  "Paschim Medinipur, West Bengal",
  "Pasighat, East Siang, Arunachal Pradesh",
  "Patan, Gujarat",
  "Patan, Patan, Gujarat",
  "Pathanamthitta, Kerala",
  "Pathanamthitta, Pathanamthitta, Kerala",
  "Pathankot, Pathankot, Punjab",
  "Pathankot, Punjab",
  "Patiala, Patiala, Punjab",
  "Patiala, Punjab",
  "Patna, Bihar",
  "Patna, Patna, Bihar",
  "Pauri Garhwal, Uttarakhand",
  "Pauri, Pauri Garhwal, Uttarakhand",
  "Peddapalli, Peddapalli, Telangana",
  "Peddapalli, Telangana",
  "Perambalur, Perambalur, Tamil Nadu",
  "Perambalur, Tamil Nadu",
  "Peren, Nagaland",
  "Peren, Peren, Nagaland",
  "Phek, Nagaland",
  "Phek, Phek, Nagaland",
  "Pherzawl, Manipur",
  "Pherzawl, Pherzawl, Manipur",
  "Phulbani, Kandhamal, Odisha",
  "Pilibhit, Pilibhit, Uttar Pradesh",
  "Pilibhit, Uttar Pradesh",
  "Pithoragarh, Pithoragarh, Uttarakhand",
  "Pithoragarh, Uttarakhand",
  "Pondicherry, Puducherry, Puducherry",
  "Poonch, Jammu and Kashmir",
  "Poonch, Poonch, Jammu and Kashmir",
  "Porbandar, Gujarat",
  "Porbandar, Porbandar, Gujarat",
  "Porompat, Imphal East, Manipur",
  "Prakasam, Andhra Pradesh",
  "Pratapgarh, Pratapgarh, Rajasthan",
  "Pratapgarh, Pratapgarh, Uttar Pradesh",
  "Pratapgarh, Rajasthan",
  "Pratapgarh, Uttar Pradesh",
  "Prayagraj, Prayagraj, Uttar Pradesh",
  "Prayagraj, Uttar Pradesh",
  "Preet Vihar, East Delhi, National Capital Territory of Delhi",
  "Puducherry",
  "Puducherry, Puducherry",
  "Pudukkottai, Pudukkottai, Tamil Nadu",
  "Pudukkottai, Tamil Nadu",
  "Pulwama, Jammu and Kashmir",
  "Pulwama, Pulwama, Jammu and Kashmir",
  "Pune, Maharashtra",
  "Pune, Pune, Maharashtra",
  "Punjab",
  "Purba Bardhaman, West Bengal",
  "Purba Medinipur, West Bengal",
  "Puri, Odisha",
  "Puri, Puri, Odisha",
  "Purnia, Bihar",
  "Purnia, Purnia, Bihar",
  "Purulia, Purulia, West Bengal",
  "Purulia, West Bengal",
  "Puttaparthi, Sri Sathya Sai, Andhra Pradesh",
  "Raebareli, Raebareli, Uttar Pradesh",
  "Raebareli, Uttar Pradesh",
  "Raga, Kamle, Arunachal Pradesh",
  "Raichuru, Karnataka",
  "Raichuru, Raichuru, Karnataka",
  "Raigad, Maharashtra",
  "Raiganj, Uttar Dinajpur, West Bengal",
  "Raigarh, Chhattisgarh",
  "Raigarh, Raigarh, Chhattisgarh",
  "Raipur, Chhattisgarh",
  "Raipur, Raipur, Chhattisgarh",
  "Raisen, Madhya Pradesh",
  "Raisen, Raisen, Madhya Pradesh",
  "Rajamahendravaram, East Godavari, Andhra Pradesh",
  "Rajanna Sircilla, Telangana",
  "Rajasthan",
  "Rajgarh, Madhya Pradesh",
  "Rajgarh, Rajgarh, Madhya Pradesh",
  "Rajkot, Gujarat",
  "Rajkot, Rajkot, Gujarat",
  "Rajnandgaon, Chhattisgarh",
  "Rajnandgaon, Rajnandgaon, Chhattisgarh",
  "Rajouri Garden, West Delhi, National Capital Territory of Delhi",
  "Rajouri, Jammu and Kashmir",
  "Rajouri, Rajouri, Jammu and Kashmir",
  "Rajpipla, Narmada, Gujarat",
  "Rajsamand, Rajasthan",
  "Rajsamand, Rajsamand, Rajasthan",
  "Ramanagara, Karnataka",
  "Ramanagara, Ramanagara, Karnataka",
  "Ramanathapuram, Ramanathapuram, Tamil Nadu",
  "Ramanathapuram, Tamil Nadu",
  "Ramban, Jammu and Kashmir",
  "Ramban, Ramban, Jammu and Kashmir",
  "Ramgarh, Jharkhand",
  "Ramgarh, Ramgarh, Jharkhand",
  "Rampur, Rampur, Uttar Pradesh",
  "Rampur, Uttar Pradesh",
  "Ranchi, Jharkhand",
  "Ranchi, Ranchi, Jharkhand",
  "Ranga Reddy, Telangana",
  "Ranipet, Tamil Nadu",
  "Ranipettai, Ranipet, Tamil Nadu",
  "Ratlam, Madhya Pradesh",
  "Ratlam, Ratlam, Madhya Pradesh",
  "Ratnagiri, Maharashtra",
  "Ratnagiri, Ratnagiri, Maharashtra",
  "Rayachoti, Annamayya, Andhra Pradesh",
  "Rayagada, Odisha",
  "Rayagada, Rayagada, Odisha",
  "Reasi, Jammu and Kashmir",
  "Reasi, Reasi, Jammu and Kashmir",
  "Reckong Peo, Kinnaur, Himachal Pradesh",
  "Resubelpara, North Garo Hills, Meghalaya",
  "Rewa, Madhya Pradesh",
  "Rewa, Rewa, Madhya Pradesh",
  "Rewari, Haryana",
  "Rewari, Rewari, Haryana",
  "Ri Bhoi, Meghalaya",
  "Robertsganj, Sonbhadra, Uttar Pradesh",
  "Rohtak, Haryana",
  "Rohtak, Rohtak, Haryana",
  "Rohtas, Bihar",
  "Roing, Lower Dibang Valley, Arunachal Pradesh",
  "Rudraprayag, Rudraprayag, Uttarakhand",
  "Rudraprayag, Uttarakhand",
  "Rudrapur, Udham Singh Nagar, Uttarakhand",
  "Rupnagar, Punjab",
  "Rupnagar, Rupnagar, Punjab",
  "Sabarkantha, Gujarat",
  "Sadar Bazaar, North Delhi, National Capital Territory of Delhi",
  "Sagar, Madhya Pradesh",
  "Sagar, Sagar, Madhya Pradesh",
  "Saharanpur, Saharanpur, Uttar Pradesh",
  "Saharanpur, Uttar Pradesh",
  "Saharsa, Bihar",
  "Saharsa, Saharsa, Bihar",
  "Sahebganj, Sahibganj, Jharkhand",
  "Sahibganj, Jharkhand",
  "Sahibzada Ajit Singh Nagar, Punjab",
  "Sahibzada Ajit Singh Nagar, Sahibzada Ajit Singh Nagar, Punjab",
  "Saiha, Mizoram",
  "Saiha, Saiha, Mizoram",
  "Saitual, Mizoram",
  "Saitual, Saitual, Mizoram",
  "Saket, South Delhi, National Capital Territory of Delhi",
  "Sakti, Shakti, Chhattisgarh",
  "Salem, Salem, Tamil Nadu",
  "Salem, Tamil Nadu",
  "Samastipur, Bihar",
  "Samastipur, Samastipur, Bihar",
  "Samba, Jammu and Kashmir",
  "Samba, Samba, Jammu and Kashmir",
  "Sambalpur, Odisha",
  "Sambalpur, Sambalpur, Odisha",
  "Sambhal, Sambhal, Uttar Pradesh",
  "Sambhal, Uttar Pradesh",
  "Sangareddy, Sangareddy, Telangana",
  "Sangareddy, Telangana",
  "Sangli, Maharashtra",
  "Sangli, Sangli, Maharashtra",
  "Sangrur, Punjab",
  "Sangrur, Sangrur, Punjab",
  "Sant Kabir Nagar, Uttar Pradesh",
  "Saran, Bihar",
  "Sarangarh, Sarangarh-Bilaigarh, Chhattisgarh",
  "Sarangarh-Bilaigarh, Chhattisgarh",
  "Sasaram, Rohtas, Bihar",
  "Satara, Maharashtra",
  "Satara, Satara, Maharashtra",
  "Satna, Madhya Pradesh",
  "Satna, Satna, Madhya Pradesh",
  "Sawai Madhopur, Rajasthan",
  "Sawai Madhopur, Sawai Madhopur, Rajasthan",
  "Seelampur, North East Delhi, National Capital Territory of Delhi",
  "Sehore, Madhya Pradesh",
  "Sehore, Sehore, Madhya Pradesh",
  "Senapati, Manipur",
  "Senapati, Senapati, Manipur",
  "Seoni, Madhya Pradesh",
  "Seoni, Seoni, Madhya Pradesh",
  "Sepahijala, Tripura",
  "Seppa, East Kameng, Arunachal Pradesh",
  "Seraikela, Seraikela-Kharsawan, Jharkhand",
  "Seraikela-Kharsawan, Jharkhand",
  "Serchhip, Mizoram",
  "Serchhip, Serchhip, Mizoram",
  "Shahdara district, National Capital Territory of Delhi",
  "Shahdol, Madhya Pradesh",
  "Shahdol, Shahdol, Madhya Pradesh",
  "Shahid Bhagat Singh Nagar, Punjab",
  "Shahjahanpur, Shahjahanpur, Uttar Pradesh",
  "Shahjahanpur, Uttar Pradesh",
  "Shajapur, Madhya Pradesh",
  "Shajapur, Shajapur, Madhya Pradesh",
  "Shakti, Chhattisgarh",
  "Shamator, Nagaland",
  "Shamator, Shamator, Nagaland",
  "Shamirpet, Medchal–Malkajgiri, Telangana",
  "Shamli, Shamli, Uttar Pradesh",
  "Shamli, Uttar Pradesh",
  "Sheikhpura, Bihar",
  "Sheikhpura, Sheikhpura, Bihar",
  "Sheohar, Bihar",
  "Sheohar, Sheohar, Bihar",
  "Sheopur, Madhya Pradesh",
  "Sheopur, Sheopur, Madhya Pradesh",
  "Shi Yomi, Arunachal Pradesh",
  "Shillong, East Khasi Hills, Meghalaya",
  "Shimla, Himachal Pradesh",
  "Shimla, Shimla, Himachal Pradesh",
  "Shivamogga, Karnataka",
  "Shivamogga, Shivamogga, Karnataka",
  "Shivpuri, Madhya Pradesh",
  "Shivpuri, Shivpuri, Madhya Pradesh",
  "Shopian, Jammu and Kashmir",
  "Shopian, Shopian, Jammu and Kashmir",
  "Shravasti, Shravasti, Uttar Pradesh",
  "Shravasti, Uttar Pradesh",
  "Siang, Arunachal Pradesh",
  "Sibsagar, Sivasagar, Assam",
  "Siddharthnagar, Uttar Pradesh",
  "Siddipet, Siddipet, Telangana",
  "Siddipet, Telangana",
  "Sidhi, Madhya Pradesh",
  "Sidhi, Sidhi, Madhya Pradesh",
  "Sikar, Rajasthan",
  "Sikar, Sikar, Rajasthan",
  "Sikkim",
  "Silchar, Cachar, Assam",
  "Silvassa, Dadra and Nagar Haveli, Dadra and Nagar Haveli and Daman and Diu",
  "Simdega, Jharkhand",
  "Simdega, Simdega, Jharkhand",
  "Sindhudurg, Maharashtra",
  "Singrauli, Madhya Pradesh",
  "Sircilla, Rajanna Sircilla, Telangana",
  "Sirmaur, Himachal Pradesh",
  "Sirohi, Rajasthan",
  "Sirohi, Sirohi, Rajasthan",
  "Sirsa, Haryana",
  "Sirsa, Sirsa, Haryana",
  "Sitamarhi, Bihar",
  "Sitamarhi, Sitamarhi, Bihar",
  "Sitapur, Sitapur, Uttar Pradesh",
  "Sitapur, Uttar Pradesh",
  "Sivaganga, Tamil Nadu",
  "Sivagangai, Sivaganga, Tamil Nadu",
  "Sivasagar, Assam",
  "Siwan, Bihar",
  "Siwan, Siwan, Bihar",
  "Solan, Himachal Pradesh",
  "Solan, Solan, Himachal Pradesh",
  "Solapur, Maharashtra",
  "Solapur, Solapur, Maharashtra",
  "Sonari, Charaideo, Assam",
  "Sonbhadra, Uttar Pradesh",
  "Sonipat, Haryana",
  "Sonipat, Sonipat, Haryana",
  "Sonitpur, Assam",
  "Soreng, Sikkim",
  "Soreng, Soreng, Sikkim",
  "South 24 Parganas, West Bengal",
  "South Delhi, National Capital Territory of Delhi",
  "South East Delhi, National Capital Territory of Delhi",
  "South Garo Hills, Meghalaya",
  "South Goa, Goa",
  "South Salmara Mankachar, Assam",
  "South Sikkim, Sikkim",
  "South Tripura, Tripura",
  "South West Delhi, National Capital Territory of Delhi",
  "South West Garo Hills, Meghalaya",
  "South West Khasi Hills, Meghalaya",
  "Sri Ganganagar, Rajasthan",
  "Sri Ganganagar, Sri Ganganagar, Rajasthan",
  "Sri Muktsar Sahib, Punjab",
  "Sri Muktsar Sahib, Sri Muktsar Sahib, Punjab",
  "Sri Potti Sriramulu Nellore, Andhra Pradesh",
  "Sri Sathya Sai, Andhra Pradesh",
  "Srikakulam, Andhra Pradesh",
  "Srikakulam, Srikakulam, Andhra Pradesh",
  "Srinagar, Jammu and Kashmir",
  "Srinagar, Srinagar, Jammu and Kashmir",
  "Subarnapur, Odisha",
  "Subarnapur, Subarnapur, Odisha",
  "Sukma, Chhattisgarh",
  "Sukma, Sukma, Chhattisgarh",
  "Sultanpur, Sultanpur, Uttar Pradesh",
  "Sultanpur, Uttar Pradesh",
  "Sundargarh, Odisha",
  "Sundergarh, Sundargarh, Odisha",
  "Supaul, Bihar",
  "Supaul, Supaul, Bihar",
  "Surajpur, Chhattisgarh",
  "Surajpur, Surajpur, Chhattisgarh",
  "Surat, Gujarat",
  "Surat, Surat, Gujarat",
  "Surendranagar, Gujarat",
  "Surendranagar, Surendranagar, Gujarat",
  "Surguja, Chhattisgarh",
  "Suri, Birbhum, West Bengal",
  "Suryapet, Suryapet, Telangana",
  "Suryapet, Telangana",
  "Tamenglong, Manipur",
  "Tamenglong, Tamenglong, Manipur",
  "Tamil Nadu",
  "Tamluk, Purba Medinipur, West Bengal",
  "Tapi, Gujarat",
  "Tarn Taran Sahib, Tarn Taran, Punjab",
  "Tarn Taran, Punjab",
  "Tato, Shi Yomi, Arunachal Pradesh",
  "Tawang, Arunachal Pradesh",
  "Tawang, Tawang, Arunachal Pradesh",
  "Tehri Garhwal, Uttarakhand",
  "Telangana",
  "Tengnoupal, Manipur",
  "Tengnoupal, Tengnoupal, Manipur",
  "Tenkasi, Tamil Nadu",
  "Tenkasi, Tenkasi, Tamil Nadu",
  "Tezpur, Sonitpur, Assam",
  "Tezu, Lohit, Arunachal Pradesh",
  "Thane, Maharashtra",
  "Thane, Thane, Maharashtra",
  "Thanjavur, Tamil Nadu",
  "Thanjavur, Thanjavur, Tamil Nadu",
  "Theni, Tamil Nadu",
  "Theni, Theni, Tamil Nadu",
  "Thiruvananthapuram, Kerala",
  "Thiruvananthapuram, Thiruvananthapuram, Kerala",
  "Thiruvarur, Tiruvarur, Tamil Nadu",
  "Thoothukudi, Tamil Nadu",
  "Thoothukudi, Thoothukudi, Tamil Nadu",
  "Thoubal, Manipur",
  "Thoubal, Thoubal, Manipur",
  "Thrissur, Kerala",
  "Thrissur, Thrissur, Kerala",
  "Tikamgarh, Madhya Pradesh",
  "Tikamgarh, Tikamgarh, Madhya Pradesh",
  "Tinsukia, Assam",
  "Tinsukia, Tinsukia, Assam",
  "Tirap, Arunachal Pradesh",
  "Tiruchirappalli, Tamil Nadu",
  "Tiruchirappalli, Tiruchirappalli, Tamil Nadu",
  "Tirunelveli, Tamil Nadu",
  "Tirunelveli, Tirunelveli, Tamil Nadu",
  "Tirupati, Andhra Pradesh",
  "Tirupati, Tirupati, Andhra Pradesh",
  "Tirupattur, Tamil Nadu",
  "Tirupattur, Tirupattur, Tamil Nadu",
  "Tiruppur, Tamil Nadu",
  "Tiruppur, Tiruppur, Tamil Nadu",
  "Tiruvallur, Tamil Nadu",
  "Tiruvallur, Tiruvallur, Tamil Nadu",
  "Tiruvannaamalai, Tiruvannamalai, Tamil Nadu",
  "Tiruvannamalai, Tamil Nadu",
  "Tiruvarur, Tamil Nadu",
  "Tonk, Rajasthan",
  "Tonk, Tonk, Rajasthan",
  "Tripura",
  "Tseminyü, Nagaland",
  "Tseminyü, Tseminyü, Nagaland",
  "Tuensang, Nagaland",
  "Tuensang, Tuensang, Nagaland",
  "Tumakuru, Karnataka",
  "Tumakuru, Tumakuru, Karnataka",
  "Tura, West Garo Hills, Meghalaya",
  "Udaipur, Gomati, Tripura",
  "Udaipur, Rajasthan",
  "Udaipur, Udaipur, Rajasthan",
  "Udalguri, Assam",
  "Udalguri, Udalguri, Assam",
  "Udham Singh Nagar, Uttarakhand",
  "Udhampur, Jammu and Kashmir",
  "Udhampur, Udhampur, Jammu and Kashmir",
  "Udupi, Karnataka",
  "Udupi, Udupi, Karnataka",
  "Ujjain, Madhya Pradesh",
  "Ujjain, Ujjain, Madhya Pradesh",
  "Ukhrul, Manipur",
  "Ukhrul, Ukhrul, Manipur",
  "Umaria, Madhya Pradesh",
  "Umaria, Umaria, Madhya Pradesh",
  "Una, Himachal Pradesh",
  "Una, Una, Himachal Pradesh",
  "Unakoti, Tripura",
  "Unnao, Unnao, Uttar Pradesh",
  "Unnao, Uttar Pradesh",
  "Upper Dibang Valley, Arunachal Pradesh",
  "Upper Siang, Arunachal Pradesh",
  "Upper Subansiri, Arunachal Pradesh",
  "Uttar Dinajpur, West Bengal",
  "Uttar Pradesh",
  "Uttara Kannada, Karnataka",
  "Uttarakhand",
  "Uttarkashi, Uttarakhand",
  "Uttarkashi, Uttarkashi, Uttarakhand",
  "Vadodara, Gujarat",
  "Vadodara, Vadodara, Gujarat",
  "Vaishali, Bihar",
  "Valsad, Gujarat",
  "Valsad, Valsad, Gujarat",
  "Varanasi, Uttar Pradesh",
  "Varanasi, Varanasi, Uttar Pradesh",
  "Vasant Vihar, South West Delhi, National Capital Territory of Delhi",
  "Vellore, Tamil Nadu",
  "Vellore, Vellore, Tamil Nadu",
  "Veraval, Gir Somnath, Gujarat",
  "Vidisha, Madhya Pradesh",
  "Vidisha, Vidisha, Madhya Pradesh",
  "Vijayanagara, Karnataka",
  "Vijayapura, Karnataka",
  "Vijayapura, Vijayapura, Karnataka",
  "Vijayawada, NTR, Andhra Pradesh",
  "Vikarabad, Telangana",
  "Vikarabad, Vikarabad, Telangana",
  "Viluppuram, Tamil Nadu",
  "Viluppuram, Viluppuram, Tamil Nadu",
  "Virudhunagar, Tamil Nadu",
  "Virudhunagar, Virudhunagar, Tamil Nadu",
  "Visakhapatnam, Andhra Pradesh",
  "Visakhapatnam, Visakhapatnam, Andhra Pradesh",
  "Vizianagaram, Andhra Pradesh",
  "Vizianagaram, Vizianagaram, Andhra Pradesh",
  "Vyara, Tapi, Gujarat",
  "Waidhan, Singrauli, Madhya Pradesh",
  "Wanaparthy, Telangana",
  "Wanaparthy, Wanaparthy, Telangana",
  "Warangal, Telangana",
  "Warangal, Warangal, Telangana",
  "Wardha, Maharashtra",
  "Wardha, Wardha, Maharashtra",
  "Washim, Maharashtra",
  "Washim, Washim, Maharashtra",
  "Wayanad, Kerala",
  "West Bengal",
  "West Champaran, Bihar",
  "West Delhi, National Capital Territory of Delhi",
  "West Garo Hills, Meghalaya",
  "West Godavari, Andhra Pradesh",
  "West Jaintia Hills, Meghalaya",
  "West Kameng, Arunachal Pradesh",
  "West Karbi Anglong, Assam",
  "West Khasi Hills, Meghalaya",
  "West Siang, Arunachal Pradesh",
  "West Sikkim, Sikkim",
  "West Singhbhum, Jharkhand",
  "West Tripura, Tripura",
  "Williamnagar, East Garo Hills, Meghalaya",
  "Wokha, Nagaland",
  "Wokha, Wokha, Nagaland",
  "YSR, Andhra Pradesh",
  "Yadadri Bhuvanagiri, Telangana",
  "Yadgiri, Karnataka",
  "Yadgiri, Yadgiri, Karnataka",
  "Yamunanagar, Haryana",
  "Yamunanagar, Yamunanagar, Haryana",
  "Yanam, Puducherry",
  "Yanam, Yanam, Puducherry",
  "Yavatmal, Maharashtra",
  "Yavatmal, Yavatmal, Maharashtra",
  "Yingkiong, Upper Siang, Arunachal Pradesh",
  "Yupia, Papum Pare, Arunachal Pradesh",
  "Ziro, Lower Subansiri, Arunachal Pradesh",
  "Zunheboto, Nagaland",
  "Zunheboto, Zunheboto, Nagaland"
]